{
    "best_accuracy": 0.6777777777777778,
    "macro_f1": 0.6800274795126053,
    "top_3_accuracy": 0.8222222222222222
}