{
    "best_accuracy": 0.4375,
    "best_val_accuracy": 0.5733333333333334,
    "macro_f1": 0.4396639747516941,
    "top_3_accuracy": 0.6979166666666666
}